PlaylistID,Name,Creator,CreationDate,Description,IsPublic
1,Multi-channeled directional synergy,Elizabeth Roy,2023-12-17,Magazine spring must prepare best buy particular.,True
2,Managed fault-tolerant Graphical User Interface,Paul Strickland,2020-10-23,Analysis environment risk it.,True
3,Front-line 5thgeneration capability,Tanya Chavez,2022-12-17,History off score their.,True
4,Profit-focused human-resource hub,Angelica Webb,2025-01-30,Baby put education least send detail eye.,False
5,Vision-oriented well-modulated instruction set,Robert Cortez,2025-01-01,Moment major firm always everyone two skin.,True
6,Phased encompassing project,Connie Lin,2022-08-04,Act here write daughter manage subject.,True
7,Function-based even-keeled installation,Justin Hernandez,2022-05-03,Second quality wait.,True
8,Horizontal disintermediate info-mediaries,Sherry James,2020-03-05,Write material work trial other none kind.,False
9,Proactive even-keeled matrix,Paul Miller,2024-05-02,Director their beyond.,False
10,Quality-focused regional product,Bianca Obrien,2024-01-13,Voice still staff film military.,True
11,Organic web-enabled portal,Christian Williams,2022-02-26,Responsibility add certainly change.,False
12,Reverse-engineered tangible algorithm,Lindsay Mitchell,2022-10-06,Treatment chair degree dinner.,True
13,Secured didactic structure,Kerri Baker,2020-07-24,Piece artist through hand light speech night.,False
14,Total bifurcated definition,Carol Osborne,2021-04-19,South edge training.,True
15,Seamless zero administration encoding,James Bolton,2020-11-28,Office economic improve.,True
16,Customer-focused scalable data-warehouse,Brett Ortiz,2020-08-22,Can political summer early situation.,True
17,Function-based upward-trending conglomeration,Lucas Carey,2023-08-02,Day particularly responsibility law series inside score admit.,False
18,Open-architected directional encryption,Angela Haynes,2022-02-13,Pass beat air.,True
19,Ameliorated holistic help-desk,Chad Wise,2024-08-04,Six model shoulder seven can TV that.,True
20,Universal needs-based forecast,Patrick Chaney,2024-09-06,Thank month hope interview free site system game.,False
21,Virtual full-range orchestration,Thomas Arnold PhD,2020-11-28,Your candidate seat this few.,True
22,Secured impactful algorithm,Craig Smith,2021-05-20,Theory share say under.,True
23,Focused upward-trending extranet,Teresa Patel,2021-01-30,I avoid positive affect school such.,True
24,Team-oriented local pricing structure,Jesus Davidson,2022-03-20,Art beat police body home.,True
25,Versatile mission-critical array,Jamie Gonzalez,2021-03-03,National fear our many describe.,False
26,Integrated grid-enabled knowledge user,Aaron Thompson,2022-03-06,Blue hotel great need choose blood move.,True
27,Integrated mission-critical intranet,Tammy Hernandez,2020-07-23,Within itself sure two process citizen future.,False
28,Decentralized cohesive alliance,Kimberly Conner,2023-12-16,Any night not professor international couple us.,True
29,Automated client-driven attitude,Stephanie Walker,2022-12-30,Baby always appear allow industry analysis.,False
30,Function-based 24/7 methodology,Dennis Diaz,2024-03-31,Two great station agree weight nation recently.,True
31,Balanced disintermediate neural-net,Brenda Roy,2023-07-21,Have least avoid manage.,False
32,Total high-level budgetary management,Olivia Barrett,2024-06-04,Their understand money child contain.,True
33,Open-source incremental matrices,Shawn Lee MD,2023-08-31,Player institution hand.,True
34,Organic tangible portal,Monica Greene,2025-02-05,Our plan late continue.,False
35,Front-line context-sensitive access,Jeff Parker,2023-04-18,Half brother about enter play.,True
36,Ergonomic tangible support,Brent Powers,2024-04-10,Energy open writer beat.,True
37,Business-focused eco-centric forecast,Sherry Cordova,2025-01-17,Speak seem better message election.,False
38,Decentralized eco-centric hierarchy,Richard Peters,2025-01-09,Think question yard animal time represent job.,True
39,Compatible transitional Graphic Interface,Corey Alvarez,2022-04-03,Career happen west this play.,False
40,Vision-oriented user-facing concept,Aimee Schultz,2022-04-29,Laugh design country important girl show choice continue.,False
41,Quality-focused full-range policy,Daniel Horton,2022-10-28,Address finish fact seven standard.,True
42,Balanced tertiary utilization,Karina Salas,2022-10-07,Special camera no whose phone.,True
43,Triple-buffered high-level Internet solution,William Perry,2023-03-22,Member exist own practice always voice water upon.,True
44,Persistent grid-enabled framework,Sally Sanchez,2021-09-02,Despite protect range I.,False
45,Realigned scalable emulation,Emily Mcbride,2021-10-23,Case area case create person argue concern.,False
46,Decentralized national Local Area Network,Brenda Gonzalez,2023-03-19,Also miss rich yes true impact.,True
47,Business-focused client-driven customer loyalty,Stephanie Miller,2021-01-24,Though next why.,False
48,Decentralized encompassing matrices,Deborah Frye,2024-02-06,Say anyone word wrong performance.,False
49,Business-focused mobile solution,Amy Martin,2022-12-25,Military method create interesting.,True
50,Persevering demand-driven moratorium,William Stevenson,2021-05-11,Point ago reduce ever car foreign policy up.,False
51,Streamlined client-server definition,Thomas Wagner,2020-03-28,Manage measure explain whose professional him.,True
52,Streamlined composite collaboration,Willie Silva,2022-09-25,Local travel strategy third.,True
53,Grass-roots bottom-line benchmark,Samantha Morgan,2023-04-02,Skill him side finally organization save show.,True
54,Re-engineered high-level intranet,Nathan Cantu,2021-11-05,Heart interview impact.,False
55,Persistent radical groupware,Jeff Adams,2023-10-25,Weight become firm resource measure kind condition.,True
56,Ergonomic logistical hub,Micheal Baird,2020-05-22,Rich outside life cold together student institution.,False
57,User-centric 5thgeneration knowledgebase,Benjamin Hall,2023-09-17,Her according stay strategy.,True
58,Managed composite budgetary management,Robert Davis,2024-04-30,Step character respond so quite official.,True
59,Customer-focused asymmetric moratorium,Alexander Collins,2024-12-07,Chance history house thank stand back control.,True
60,Object-based zero tolerance secured line,Kerri Kelley,2021-04-14,Meeting picture measure film.,True
61,Organized stable moderator,Anna Dawson,2022-04-28,Even research suddenly real at brother wish.,False
62,Diverse needs-based throughput,Andrew Garcia,2020-11-25,Worry would lot full.,False
63,Public-key motivating ability,Eugene Bullock,2021-11-13,Safe most include reduce determine improve.,False
64,Monitored bandwidth-monitored success,Timothy Hernandez,2021-02-04,Chance network happy go.,False
65,Multi-tiered analyzing access,Victoria Taylor,2024-09-03,Guess well argue.,False
66,Organized fresh-thinking synergy,Douglas Roy,2023-08-24,Light natural common stage.,False
67,Multi-layered leadingedge forecast,Isaiah Williams,2020-08-23,Will production minute.,False
68,Expanded zero tolerance circuit,Bridget Horne,2022-11-01,Against interview page him anyone boy discover.,False
69,Persistent 24/7 Internet solution,Nathan Roman,2022-09-25,Course car defense.,True
70,Open-source disintermediate moratorium,Jennifer Clark,2022-05-24,Safe couple economic woman.,False
71,Advanced 24/7 artificial intelligence,David Stuart,2022-03-21,Keep sit election general.,False
72,Compatible methodical conglomeration,Susan Ramirez,2025-01-11,Step well information wind military sometimes.,False
73,Multi-channeled fault-tolerant throughput,Angela Hays,2023-03-13,Tell scientist identify once effort too.,True
74,Exclusive system-worthy matrices,David Walter,2024-08-14,Model my cause of.,True
75,Cross-platform systemic open system,Thomas Palmer,2020-05-24,Fast watch wear billion buy well.,True
76,Cross-group intangible functionalities,Amanda Long,2021-12-02,Fish line expert energy.,False
77,Multi-lateral non-volatile adapter,Timothy Scott,2024-07-18,Indicate apply seven serious keep medical smile.,True
78,Operative asynchronous standardization,Autumn Washington,2023-07-14,Total piece against author cut trial score.,False
79,De-engineered multi-tasking info-mediaries,Stephen Jones,2020-07-05,The certainly new check federal provide kind.,True
80,Versatile regional superstructure,Timothy Gutierrez,2023-06-06,Much life will exactly.,False
81,Implemented client-server encoding,Laura Maldonado,2021-04-22,Although cut high to truth.,True
82,Extended web-enabled attitude,Michael Turner,2024-08-10,Save player chance event.,True
83,Self-enabling exuding contingency,David Moore,2024-07-11,Course we me we.,True
84,Decentralized solution-oriented neural-net,Sara Thompson,2023-12-05,Center road door really.,True
85,Networked systematic application,Rebecca Hernandez,2022-08-23,However series rule market win draw maybe.,False
86,Balanced object-oriented software,Rhonda Savage,2024-12-01,Apply tonight people at student industry sign bit.,False
87,Visionary exuding strategy,Nicholas Mckinney MD,2021-06-04,Would kitchen away conference environmental power short.,True
88,Operative interactive throughput,Casey Jackson,2023-08-05,Choose local represent call kid audience quality sit.,False
89,Secured bandwidth-monitored conglomeration,Jill Flores,2023-01-19,Collection stuff feel though specific arm.,False
90,Cross-platform tangible collaboration,Tiffany Cain,2023-08-24,Like can air nature agency.,False
91,Networked 4thgeneration matrix,Richard Gray,2023-06-08,Less follow feel address.,False
92,Managed actuating firmware,Amy Jackson DVM,2020-04-19,Tough provide list green.,False
93,Monitored background intranet,Nina Nichols,2024-11-07,On million more it.,False
94,Self-enabling bandwidth-monitored knowledgebase,Derrick Thomas,2022-10-27,Fight owner middle item series hospital head.,False
95,Team-oriented content-based approach,Brandi Jenkins,2024-05-06,Development true tree challenge.,False
96,Integrated multi-tasking framework,Elizabeth Graham,2024-09-27,Current far fly bank soldier detail bed.,False
97,Open-source systemic Internet solution,Cheryl Jackson,2021-05-30,Because goal oil window.,False
98,Cloned upward-trending knowledge user,Crystal Nicholson,2025-01-27,Television central meeting store off.,False
99,Proactive stable definition,Derrick Anderson,2022-02-10,Policy before action anything leg capital.,False
